{"DeletedArcs":8,"Gap":0.0,"InfTailPath":1,"NodeCount":37071.0,"Runtime":23.67799997329712,"SimplexIterations":398567.0,"SubtourTracker":{"CutCounter":[],"CutTimer":[],"ElementCallCounter":[["IntegerSolutions",369],["DetermineRoutes",369],["CheckRoutes",369],["IntegerRoutes",2233],["SingleCustRoutes",381],["MinNumVeh",1852],["DisconnectedRoutes",19],["ConnectedRoutes",1833],["SingleVehicle",1289],["MinVehApproxInf",544],["RoutePrechecked",0],["RoutePrecheckedNot",0],["CustCombiInfeasible",0],["CustCombiInfNot",0],["HeuristicFeas",0],["HeuristicInf",0],["UsableVolumeFeas",0],["UsableVolumeInf",0],["CPCheck",0],["ExactLimitFeas",0],["ExactLimitInf",0],["ExactLimitUnk",0],["TwoPath",0],["TwoPathNot",0],["RegTournamentPath",0],["RegTournamentPathNot",0],["TailTournamentPath",0],["ExactFeas",1245],["ExactInf",44],["ExactInvalid",0],["RevSeq",0],["RevHeurFeas",0],["RevExactFeas",0],["RevInf",0],["InfTailPath",44],["CheckFracSols",37073]],"ElementCallTime":[["IntegerSolutions",17867371],["DetermineRoutes",2718],["CheckRoutes",17858524],["IntegerRoutes",0],["SingleCustRoutes",0],["MinNumVeh",117],["DisconnectedRoutes",633],["ConnectedRoutes",0],["SingleVehicle",17833198],["MinVehApproxInf",21981],["RoutePrechecked",0],["RoutePrecheckedNot",0],["CustCombiInfeasible",0],["CustCombiInfNot",0],["HeuristicFeas",0],["HeuristicInf",0],["UsableVolumeFeas",0],["UsableVolumeInf",0],["CPCheck",0],["ExactLimitFeas",0],["ExactLimitInf",0],["ExactLimitUnk",0],["TwoPath",0],["TwoPathNot",0],["RegTournamentPath",0],["RegTournamentPathNot",0],["TailTournamentPath",0],["ExactFeas",15074388],["ExactInf",2745899],["ExactInvalid",0],["RevSeq",0],["RevHeurFeas",0],["RevExactFeas",0],["RevInf",0],["InfTailPath",2211],["CheckFracSols",39]],"LazyConstraintCounter":[["SEC",563],["InfeasibleTailPath",44]],"LowerBoundProgress":[[0.04699993133544922,[0.0,357.62304057291317]],[0.04799985885620117,[0.0,357.62304057291317]],[0.05799984931945801,[0.0,357.62304057291317]],[0.06500005722045898,[0.0,357.62304057291317]],[0.06599998474121094,[0.0,371.9651988531699]],[0.06699991226196289,[0.0,382.84602701820285]],[0.06799983978271484,[0.0,393.0141114421779]],[0.10299992561340332,[0.0,404.51082155750385]],[0.10500001907348633,[0.0,413.25936695874464]],[0.10599994659423828,[0.0,413.25936695874464]],[0.1399998664855957,[0.0,413.25936695874464]],[0.14100003242492676,[0.0,414.9099252992496]],[0.16299986839294434,[0.0,414.9099252992496]],[0.1640000343322754,[0.0,414.9099252992496]],[0.16499996185302734,[0.0,414.9099252992496]],[0.1699998378753662,[0.0,414.9099252992496]],[0.17100000381469727,[0.0,414.9099252992496]],[0.17499995231628418,[0.0,414.9099252992496]],[0.19499993324279785,[0.0,414.9099252992496]],[0.1959998607635498,[0.0,414.9099252992496]],[0.20199990272521973,[0.0,414.9099252992496]],[0.21700000762939453,[1.0,414.9099252992496]],[0.28600001335144043,[2.0,416.26976138603396]],[0.2890000343322754,[3.0,417.9413385842009]],[0.44899988174438477,[4.0,418.96051738610095]],[0.6519999504089355,[17.0,426.34389530137224]],[0.6679999828338623,[60.0,427.4358884536742]],[0.7300000190734863,[67.0,428.6796552629174]],[0.7929999828338623,[75.0,428.6796552629174]],[0.8389999866485596,[151.0,429.62192634618475]],[1.0109999179840088,[185.0,429.62192634618475]],[1.0269999504089355,[221.0,429.62192634618475]],[1.0739998817443848,[224.0,429.62192634618475]],[1.1989998817443848,[234.0,429.62192634618475]],[1.3239998817443848,[246.0,429.62192634618475]],[1.4179999828338623,[261.0,429.62192634618475]],[1.4489998817443848,[289.0,429.62192634618475]],[1.5269999504089355,[301.0,429.62192634618475]],[1.682999849319458,[311.0,429.62192634618475]],[1.746000051498413,[325.0,429.62192634618475]],[1.8389999866485596,[334.0,429.62192634618475]],[1.9179999828338623,[344.0,429.62192634618475]],[2.010999917984009,[387.0,429.62192634618475]],[2.135999917984009,[389.0,429.62192634618475]],[2.1519999504089355,[396.0,429.62192634618475]],[2.3550000190734863,[405.0,430.05827661472506]],[2.510999917984009,[438.0,430.05827661472506]],[2.6989998817443848,[456.0,430.05827661472506]],[2.7139999866485596,[457.0,430.05827661472506]],[2.7929999828338623,[498.0,430.05827661472506]],[2.807999849319458,[553.0,430.05827661472506]],[2.871000051498413,[561.0,430.05827661472506]],[2.9639999866485596,[564.0,430.05827661472506]],[2.9800000190734863,[577.0,430.05827661472506]],[3.0889999866485596,[610.0,430.05827661472506]],[3.121000051498413,[656.0,430.05827661472506]],[3.182999849319458,[687.0,430.05827661472506]],[3.2139999866485596,[700.0,430.05827661472506]],[3.3239998817443848,[730.0,430.05827661472506]],[3.4800000190734863,[742.0,430.05827661472506]],[3.760999917984009,[775.0,439.97502511492894]],[3.807999849319458,[801.0,439.97502511492894]],[3.9019999504089355,[834.0,439.97502511492894]],[4.0899999141693115,[843.0,439.97502511492894]],[4.121000051498413,[879.0,439.97502511492894]],[4.167999982833862,[903.0,439.97502511492894]],[4.292999982833862,[905.0,439.97502511492894]],[4.371000051498413,[916.0,439.97502511492894]],[4.432999849319458,[917.0,439.97502511492894]],[4.510999917984009,[919.0,439.97502511492894]],[4.542999982833862,[969.0,439.97502511492894]],[4.621000051498413,[1045.0,439.97502511492894]],[4.730000019073486,[1046.0,439.97502511492894]],[4.917999982833862,[1047.0,439.97502511492894]],[5.057999849319458,[1129.0,439.97502511492894]],[5.21399998664856,[1147.0,439.97502511492894]],[5.2769999504089355,[1152.0,439.97502511492894]],[5.307999849319458,[1155.0,439.97502511492894]],[5.33899998664856,[1169.0,439.97502511492894]],[5.349999904632568,[1208.0,439.97502511492894]],[5.391000032424927,[1222.0,439.97502511492894]],[5.418999910354614,[1225.0,439.97502511492894]],[5.480999946594238,[1230.0,439.97502511492894]],[5.543999910354614,[1237.0,439.97502511492894]],[5.636999845504761,[1238.0,439.97502511492894]],[5.6529998779296875,[1241.0,439.97502511492894]],[5.809000015258789,[1256.0,439.97502511492894]],[5.886999845504761,[1270.0,439.97502511492894]],[6.168999910354614,[1291.0,439.97502511492894]],[6.2159998416900635,[1293.0,439.97502511492894]],[6.293999910354614,[1295.0,439.97502511492894]],[6.3409998416900635,[1308.0,439.97502511492894]],[6.386999845504761,[1312.0,439.97502511492894]],[6.450000047683716,[1317.0,439.97502511492894]],[6.543999910354614,[1323.0,439.97502511492894]],[6.7779998779296875,[1325.0,439.97502511492894]],[6.886999845504761,[1369.0,439.97502511492894]],[6.934000015258789,[1408.0,439.97502511492894]],[7.121999979019165,[1409.0,441.3732134545428]],[7.325000047683716,[1419.0,441.3732134545428]],[7.434000015258789,[1426.0,441.3732134545428]],[7.5279998779296875,[1445.0,441.3732134545428]],[7.575000047683716,[1470.0,441.3732134545428]],[7.668999910354614,[1480.0,441.3732134545428]],[7.684000015258789,[1527.0,441.3732134545428]],[7.746999979019165,[1554.0,443.79573818077836]],[7.8409998416900635,[1569.0,443.79573818077836]],[7.934000015258789,[1593.0,443.79573818077836]],[8.027999877929688,[1597.0,443.79573818077836]],[8.121999979019165,[1607.0,443.79573818077836]],[8.340999841690063,[1623.0,443.79573818077836]],[8.496999979019165,[1628.0,443.79573818077836]],[8.51199984550476,[1634.0,443.79573818077836]],[8.559000015258789,[1696.0,443.79573818077836]],[8.855999946594238,[1701.0,443.79573818077836]],[8.918999910354614,[1731.0,443.79573818077836]],[8.980999946594238,[1769.0,443.79573818077836]],[9.121999979019165,[1785.0,443.79573818077836]],[9.168999910354614,[1817.0,443.79573818077836]],[9.200000047683716,[1875.0,443.79573818077836]],[9.277999877929688,[1888.0,443.79573818077836]],[9.371999979019165,[1921.0,443.79573818077836]],[9.480999946594238,[1936.0,443.79573818077836]],[9.605999946594238,[1940.0,443.79573818077836]],[9.700000047683716,[1941.0,443.79573818077836]],[9.918999910354614,[1973.0,443.79573818077836]],[9.996999979019165,[1991.0,443.79573818077836]],[10.075000047683716,[1994.0,443.79573818077836]],[10.184000015258789,[2001.0,443.79573818077836]],[10.202999830245972,[2001.0,443.79573818077836]],