{"DeletedArcs":8,"Gap":0.0,"InfTailPath":1,"NodeCount":30285.0,"Runtime":14.896000146865845,"SimplexIterations":279194.0,"SubtourTracker":{"CutCounter":[],"CutTimer":[],"ElementCallCounter":[["IntegerSolutions",255],["DetermineRoutes",255],["CheckRoutes",255],["IntegerRoutes",1537],["SingleCustRoutes",261],["MinNumVeh",1276],["DisconnectedRoutes",7],["ConnectedRoutes",1269],["SingleVehicle",900],["MinVehApproxInf",369],["RoutePrechecked",0],["RoutePrecheckedNot",0],["CustCombiInfeasible",0],["CustCombiInfNot",0],["HeuristicFeas",0],["HeuristicInf",0],["UsableVolumeFeas",0],["UsableVolumeInf",0],["CPCheck",0],["ExactLimitFeas",0],["ExactLimitInf",0],["ExactLimitUnk",0],["TwoPath",0],["TwoPathNot",0],["RegTournamentPath",0],["RegTournamentPathNot",0],["TailTournamentPath",0],["ExactFeas",871],["ExactInf",29],["ExactInvalid",0],["RevSeq",0],["RevHeurFeas",0],["RevExactFeas",0],["RevInf",0],["InfTailPath",29],["CheckFracSols",30287],["SPHeur",7]],"ElementCallTime":[["IntegerSolutions",10762284],["DetermineRoutes",1715],["CheckRoutes",10756501],["IntegerRoutes",0],["SingleCustRoutes",0],["MinNumVeh",65],["DisconnectedRoutes",249],["ConnectedRoutes",0],["SingleVehicle",10741252],["MinVehApproxInf",13175],["RoutePrechecked",0],["RoutePrecheckedNot",0],["CustCombiInfeasible",0],["CustCombiInfNot",0],["HeuristicFeas",0],["HeuristicInf",0],["UsableVolumeFeas",0],["UsableVolumeInf",0],["CPCheck",0],["ExactLimitFeas",0],["ExactLimitInf",0],["ExactLimitUnk",0],["TwoPath",0],["TwoPathNot",0],["RegTournamentPath",0],["RegTournamentPathNot",0],["TailTournamentPath",0],["ExactFeas",8896430],["ExactInf",1840898],["ExactInvalid",0],["RevSeq",0],["RevHeurFeas",0],["RevExactFeas",0],["RevInf",0],["InfTailPath",1522],["CheckFracSols",20],["SPHeur",436391]],"LazyConstraintCounter":[["SEC",376],["InfeasibleTailPath",29]],"LowerBoundProgress":[[0.021000146865844727,[0.0,357.62304057291317]],[0.02200007438659668,[0.0,357.62304057291317]],[0.023000001907348633,[0.0,357.62304057291317]],[0.02500009536743164,[0.0,357.62304057291317]],[0.3320000171661377,[0.0,357.62304057291317]],[0.3470001220703125,[0.0,392.1431060818751]],[0.35899996757507324,[0.0,432.3639446466954]],[0.36300015449523926,[0.0,432.3639446466954]],[0.3640000820159912,[0.0,432.3639446466954]],[0.36500000953674316,[0.0,432.3639446466954]],[0.4509999752044678,[0.0,432.3639446466954]],[0.45200014114379883,[0.0,432.3639446466954]],[0.4570000171661377,[0.0,432.3639446466954]],[0.45799994468688965,[0.0,441.86547935652516]],[0.6050000190734863,[0.0,441.86547935652527]],[0.6070001125335693,[0.0,441.86547935652527]],[0.6080000400543213,[0.0,441.86547935652527]],[0.6230001449584961,[0.0,441.86547935652527]],[0.624000072479248,[0.0,441.86547935652527]],[0.6289999485015869,[0.0,441.86547935652527]],[0.6319999694824219,[1.0,441.86547935652527]],[0.6349999904632568,[3.0,446.29997474505655]],[0.7179999351501465,[5.0,446.29997474505655]],[0.7200000286102295,[7.0,446.29997474505655]],[0.7569999694824219,[9.0,446.31721126592987]],[0.7590000629425049,[15.0,447.6334624433315]],[0.8080000877380371,[16.0,447.6334624433315]],[0.9720001220703125,[19.0,449.4821610722771]],[0.9880001544952393,[23.0,449.4821610722771]],[1.130000114440918,[25.0,449.4821610722771]],[1.2079999446868896,[43.0,450.61941381066964]],[1.2890000343322754,[61.0,450.61941381066964]],[1.567000150680542,[91.0,452.0080090252915]],[1.5980000495910645,[94.0,452.0080090252915]],[1.814000129699707,[95.0,452.0080090252915]],[1.821000099182129,[130.0,452.0080090252915]],[1.9570000171661377,[131.0,452.0080090252915]],[2.2230000495910645,[143.0,452.0080090252915]],[2.2380001544952393,[170.0,452.0080090252915]],[2.2850000858306885,[173.0,452.0080090252915]],[2.442000150680542,[188.0,452.0080090252915]],[2.552000045776367,[193.0,452.0080090252915]],[2.740999937057495,[218.0,459.3225997518919]],[2.819999933242798,[240.0,459.3225997518919]],[2.877000093460083,[243.0,459.3225997518919]],[2.9260001182556152,[248.0,459.3225997518919]],[2.9880001544952393,[249.0,459.3225997518919]],[3.128999948501587,[255.0,459.3225997518919]],[3.1440000534057617,[258.0,459.3225997518919]],[3.2070000171661377,[267.0,459.3225997518919]],[3.2220001220703125,[295.0,459.3225997518919]],[3.2850000858306885,[312.0,459.3225997518919]],[3.3630001544952393,[321.0,459.3225997518919]],[3.489000082015991,[329.0,459.3225997518919]],[3.7850000858306885,[329.0,459.3225997518919]],[3.86899995803833,[331.0,459.3225997518919]],[3.8949999809265137,[334.0,459.3225997518919]],[3.9679999351501465,[340.0,459.3225997518919]],[3.9690001010894775,[355.0,459.3225997518919]],[4.065999984741211,[363.0,459.3225997518919]],[4.082000017166138,[378.0,459.3225997518919]],[4.269999980926514,[395.0,459.3225997518919]],[4.317000150680542,[399.0,459.3225997518919]],[4.551000118255615,[403.0,459.3225997518919]],[4.690999984741211,[410.0,459.3225997518919]],[4.863000154495239,[422.0,459.3225997518919]],[4.986000061035156,[423.0,459.3225997518919]],[5.144999980926514,[424.0,459.3225997518919]],[5.233999967575073,[429.0,459.3225997518919]],[5.272000074386597,[436.0,459.3225997518919]],[5.442000150680542,[458.0,459.3225997518919]],[5.690999984741211,[503.0,459.3225997518919]],[5.706000089645386,[516.0,459.3225997518919]],[5.815999984741211,[531.0,460.50688107111995]],[5.832000017166138,[554.0,462.92804727281725]],[5.9730000495910645,[593.0,462.92804727281725]],[6.080000162124634,[600.0,462.92804727281725]],[6.176000118255615,[609.0,462.92804727281725]],[6.253999948501587,[614.0,462.92804727281725]],[6.301000118255615,[661.0,462.92804727281725]],[6.315999984741211,[666.0,462.92804727281725]],[6.363000154495239,[744.0,466.0809279389858]],[6.488000154495239,[748.0,466.0809279389858]],[6.503999948501587,[802.0,466.0809279389858]],[6.551000118255615,[817.0,466.0809279389858]],[6.644000053405762,[823.0,466.0809279389858]],[6.690999984741211,[843.0,466.0809279389858]],[6.769000053405762,[871.0,466.0809279389858]],[6.7850000858306885,[872.0,466.0809279389858]],[6.9100000858306885,[884.0,466.0809279389858]],[7.003999948501587,[906.0,466.0809279389858]],[7.0350000858306885,[968.0,467.3092920316114]],[7.065999984741211,[970.0,467.3092920316114]],[7.113000154495239,[1018.0,467.3463208321363]],[7.269999980926514,[1036.0,467.3463208321363]],[7.4100000858306885,[1045.0,467.3463208321363]],[7.4720001220703125,[1084.0,467.3463208321363]],[7.488000154495239,[1095.0,467.3463208321363]],[7.551000118255615,[1136.0,468.5274231033805]],[7.8470001220703125,[1160.0,468.5274231033805]],[7.894000053405762,[1198.0,468.5274231033805]],[7.957000017166138,[1211.0,469.4009348336854]],[7.9720001220703125,[1319.0,470.7233207129722]],[8.065999984741211,[1341.0,470.7233207129722]],[8.097000122070312,[1366.0,470.7233207129722]],[8.128999948501587,[1369.0,470.7233207129722]],[8.20799994468689,[1372.0,470.7233207129722]],[8.269000053405762,[1507.0,474.7349021407046]],[8.489000082015991,[1524.0,475.164041092565]],[8.53600001335144,[1543.0,475.164041092565]],[8.568000078201294,[1579.0,476.96957709500344]],[8.58299994468689,[1580.0,476.96957709500344]],[8.70900011062622,[1615.0,476.96957709500344]],[8.710000038146973,[1618.0,476.96957709500344]],[8.785000085830688,[1635.0,477.63538757499236]],[8.894000053405762,[1636.0,477.63538757499236]],[8.98800015449524,[1643.0,477.63538757499236]],[9.035000085830688,[1685.0,477.63538757499236]],[9.097000122070312,[1686.0,477.63538757499236]],[9.144000053405762,[1710.0,477.63538757499236]],[9.160000085830688,[1711.0,477.63538757499236]],[9.315999984741211,[1716.0,477.63538757499236]],[9.36300015449524,[1735.0,477.63538757499236]],[9.378999948501587,[1751.0,477.63538757499236]],[9.535000085830688,[1897.0,477.88879882260414]],[9.628999948501587,[1903.0,477.88879882260414]],[9.801000118255615,[2013.0,479.4551358924593]],[9.817000150680542,[2037.0,479.4551358924593]],[9.880000114440918,[2097.0,479.6585734103016]],[9.973999977111816,[2286.0,480.8734198641849]],[9.989000082015991,[2327.0,480.8734198641849]],[10.005000114440918,[2348.0,