{"DeletedArcs":14,"Gap":0.0,"InfTailPath":3,"NodeCount":15266.0,"Runtime":17.5939998626709,"SimplexIterations":186814.0,"SubtourTracker":{"CutCounter":[],"CutTimer":[],"ElementCallCounter":[["IntegerSolutions",440],["DetermineRoutes",440],["CheckRoutes",440],["IntegerRoutes",2648],["SingleCustRoutes",809],["MinNumVeh",1839],["DisconnectedRoutes",8],["ConnectedRoutes",1831],["SingleVehicle",1049],["MinVehApproxInf",782],["RoutePrechecked",0],["RoutePrecheckedNot",0],["CustCombiInfeasible",0],["CustCombiInfNot",0],["HeuristicFeas",0],["HeuristicInf",0],["UsableVolumeFeas",0],["UsableVolumeInf",0],["CPCheck",0],["ExactLimitFeas",0],["ExactLimitInf",0],["ExactLimitUnk",0],["TwoPath",0],["TwoPathNot",0],["RegTournamentPath",0],["RegTournamentPathNot",0],["TailTournamentPath",0],["ExactFeas",1035],["ExactInf",14],["ExactInvalid",0],["RevSeq",0],["RevHeurFeas",0],["RevExactFeas",0],["RevInf",0],["InfTailPath",14],["CheckFracSols",15269]],"ElementCallTime":[["IntegerSolutions",14143139],["DetermineRoutes",2872],["CheckRoutes",14135011],["IntegerRoutes",0],["SingleCustRoutes",0],["MinNumVeh",109],["DisconnectedRoutes",221],["ConnectedRoutes",0],["SingleVehicle",14104586],["MinVehApproxInf",27741],["RoutePrechecked",0],["RoutePrecheckedNot",0],["CustCombiInfeasible",0],["CustCombiInfNot",0],["HeuristicFeas",0],["HeuristicInf",0],["UsableVolumeFeas",0],["UsableVolumeInf",0],["CPCheck",0],["ExactLimitFeas",0],["ExactLimitInf",0],["ExactLimitUnk",0],["TwoPath",0],["TwoPathNot",0],["RegTournamentPath",0],["RegTournamentPathNot",0],["TailTournamentPath",0],["ExactFeas",13512356],["ExactInf",588820],["ExactInvalid",0],["RevSeq",0],["RevHeurFeas",0],["RevExactFeas",0],["RevInf",0],["InfTailPath",548],["CheckFracSols",11]],"LazyConstraintCounter":[["SEC",790],["InfeasibleTailPath",14]],"LowerBoundProgress":[[0.09299993515014648,[0.0,349.08890641774656]],[0.09500002861022949,[0.0,361.4886389709934]],[0.09599995613098145,[0.0,371.7654549054349]],[0.0969998836517334,[0.0,371.7654549054349]],[0.18700003623962402,[0.0,371.7654549054349]],[0.18899989128112793,[0.0,373.68867359570675]],[0.19000005722045898,[0.0,373.68867359570675]],[0.1979999542236328,[0.0,373.68867359570675]],[0.19899988174438477,[0.0,374.869433764866]],[0.34599995613098145,[0.0,374.869433764866]],[0.35500001907348633,[0.0,376.0632138975781]],[0.3559999465942383,[0.0,376.0632138975781]],[0.35899996757507324,[0.0,376.0632138975781]],[0.3599998950958252,[0.0,376.0632138975781]],[0.43199992179870605,[0.0,376.0632138975781]],[0.43400001525878906,[0.0,376.0632138975781]],[0.43599987030029297,[0.0,376.12771656329085]],[0.43899989128112793,[0.0,376.12771656329085]],[0.44299983978271484,[0.0,378.0157431156362]],[0.44499993324279785,[1.0,378.0157431156362]],[0.4459998607635498,[3.0,379.0976952815623]],[0.4479999542236328,[7.0,379.0976952815623]],[0.48399996757507324,[9.0,381.54466470709195]],[0.49899983406066895,[12.0,383.17221041750184]],[0.5039999485015869,[20.0,385.7203261357368]],[0.6050000190734863,[40.0,385.8710488466563]],[0.619999885559082,[60.0,385.8710488466563]],[0.744999885559082,[95.0,385.92331009301296]],[0.7769999504089355,[112.0,385.92331009301296]],[0.8550000190734863,[186.0,388.5132226077413]],[0.8859999179840088,[196.0,388.5132226077413]],[0.932999849319458,[209.0,388.5132226077413]],[1.0420000553131104,[219.0,388.5132226077413]],[1.0729999542236328,[226.0,388.5132226077413]],[1.1979999542236328,[246.0,388.5132226077413]],[1.2139999866485596,[324.0,388.5132226077413]],[1.307999849319458,[327.0,388.5132226077413]],[1.4479999542236328,[334.0,388.5132226077413]],[1.5269999504089355,[381.0,388.5132226077413]],[1.5729999542236328,[390.0,388.5132226077413]],[1.5889999866485596,[396.0,388.5132226077413]],[1.6519999504089355,[407.0,388.5132226077413]],[1.7300000190734863,[411.0,388.5132226077413]],[1.932999849319458,[441.0,388.5132226077413]],[1.9639999866485596,[444.0,388.5132226077413]],[2.1670000553131104,[467.0,388.5132226077413]],[2.182999849319458,[476.0,388.5132226077413]],[2.2139999866485596,[477.0,388.5132226077413]],[2.244999885559082,[478.0,388.5132226077413]],[2.322999954223633,[499.0,388.5132226077413]],[2.4019999504089355,[522.0,388.5132226077413]],[2.5420000553131104,[549.0,388.5132226077413]],[2.557999849319458,[572.0,388.5132226077413]],[2.619999885559082,[591.0,388.5132226077413]],[2.744999885559082,[606.0,388.5132226077413]],[2.7920000553131104,[623.0,389.77516601727905]],[2.9170000553131104,[644.0,389.77516601727905]],[2.9639999866485596,[652.0,389.77516601727905]],[3.010999917984009,[662.0,389.77516601727905]],[3.1670000553131104,[714.0,389.77516601727905]],[3.197999954223633,[725.0,389.77516601727905]],[3.2769999504089355,[732.0,389.77516601727905]],[3.432999849319458,[770.0,389.77516601727905]],[3.4639999866485596,[773.0,389.77516601727905]],[3.572999954223633,[784.0,389.77516601727905]],[3.5889999866485596,[836.0,389.77516601727905]],[3.635999917984009,[839.0,389.77516601727905]],[3.6519999504089355,[850.0,389.77516601727905]],[3.7139999866485596,[948.0,389.77516601727905]],[3.7920000553131104,[984.0,389.77516601727905]],[3.807999849319458,[1004.0,389.77516601727905]],[3.932999849319458,[1024.0,389.77516601727905]],[3.9800000190734863,[1159.0,389.79745169343937]],[4.04200005531311,[1180.0,389.79745169343937]],[4.105000019073486,[1199.0,389.79745169343937]],[4.119999885559082,[1204.0,389.79745169343937]],[4.182999849319458,[1215.0,389.79745169343937]],[4.244999885559082,[1227.0,389.79745169343937]],[4.29200005531311,[1274.0,389.79745169343937]],[4.46399998664856,[1345.0,389.79745169343937]],[4.557999849319458,[1354.0,389.79745169343937]],[4.635999917984009,[1386.0,389.79745169343937]],[4.6519999504089355,[1441.0,389.79745169343937]],[4.730000019073486,[1500.0,389.79745169343937]],[4.760999917984009,[1526.0,389.79745169343937]],[4.79200005531311,[1534.0,389.79745169343937]],[4.855000019073486,[1550.0,389.79745169343937]],[4.96399998664856,[1560.0,389.79745169343937]],[5.009000062942505,[1666.0,390.33591817060113]],[5.054999828338623,[1726.0,390.33591817060113]],[5.056999921798706,[1727.0,390.33591817060113]],[5.060999870300293,[1727.0,401.15019995310314]],[5.072999954223633,[1727.0,401.15019995310314]],[5.075000047683716,[1727.0,401.15019995310314]],[5.07699990272522,[1727.0,401.15019995310314]],[5.260999917984009,[1727.0,401.15019995310314]],[5.276000022888184,[1728.0,401.15019995310314]],[5.307999849319458,[1728.0,401.5420428049518]],[5.353999853134155,[1728.0,401.5420428049518]],[5.510999917984009,[1728.0,401.5420428049518]],[5.54200005531311,[1729.0,401.5420428049518]],[5.58899998664856,[1729.0,404.66757613796415]],[5.635999917984009,[1729.0,404.66757613796415]],[5.79200005531311,[1729.0,404.66757613796415]],[5.96399998664856,[1729.0,404.66757613796415]],[5.994999885559082,[1730.0,404.66757613796415]],[6.057999849319458,[1730.0,405.23406218464277]],[6.103999853134155,[1730.0,405.23406218464277]],[6.135999917984009,[1732.0,405.24523355528015]],[6.182999849319458,[1732.0,405.53631736874365]],[6.260999917984009,[1733.0,405.53631736874365]],[6.276000022888184,[1734.0,405.5757184228501]],[6.322999954223633,[1734.0,405.7397461416888]],[6.33899998664856,[1735.0,405.73974614168884]],[6.353999853134155,[1736.0,405.73974614168884]],[6.41700005531311,[1736.0,405.73974614168884]],[6.58899998664856,[1736.0,405.73974614168884]],[6.619999885559082,[1736.0,405.73974614168884]],[6.744999885559082,[1737.0,405.73974614168884]],[6.760999917984009,[1737.0,405.73974614168884]],[6.79200005531311,[1738.0,405.73974614168884]],[6.807999849319458,[1740.0,405.73974614168884]],[6.822999954223633,[1752.0,405.73974614168884]],[6.83899998664856,[1760.0,405.73974614168884]],[6.869999885559082,[1777.0,405.73974614168884]],[6.885999917984009,[1785.0,405.73974614168884]],[6.901000022888184,[1811.0,405.73974614168884]],[7.072999954223633,[1840.0,405.73974614168884]],[7.08899998664856,[1844.0,405.73974614168884]],[7.151000022888184,[1916.0,405.73974614168884]],[7.244999885559082,[1953.0,405.73974614168884]],