{"DeletedArcs":14,"Gap":0.0,"InfTailPath":3,"NodeCount":36628.0,"Runtime":10.84000015258789,"SimplexIterations":355751.0,"SubtourTracker":{"CutCounter":[],"CutTimer":[],"ElementCallCounter":[["IntegerSolutions",273],["DetermineRoutes",273],["CheckRoutes",273],["IntegerRoutes",1644],["SingleCustRoutes",556],["MinNumVeh",1088],["DisconnectedRoutes",6],["ConnectedRoutes",1082],["SingleVehicle",606],["MinVehApproxInf",476],["RoutePrechecked",0],["RoutePrecheckedNot",0],["CustCombiInfeasible",0],["CustCombiInfNot",0],["HeuristicFeas",0],["HeuristicInf",0],["UsableVolumeFeas",0],["UsableVolumeInf",0],["CPCheck",0],["ExactLimitFeas",0],["ExactLimitInf",0],["ExactLimitUnk",0],["TwoPath",0],["TwoPathNot",0],["RegTournamentPath",0],["RegTournamentPathNot",0],["TailTournamentPath",0],["ExactFeas",598],["ExactInf",8],["ExactInvalid",0],["RevSeq",0],["RevHeurFeas",0],["RevExactFeas",0],["RevInf",0],["InfTailPath",8],["CheckFracSols",36629],["SPHeur",6]],"ElementCallTime":[["IntegerSolutions",6595967],["DetermineRoutes",1847],["CheckRoutes",6590766],["IntegerRoutes",0],["SingleCustRoutes",0],["MinNumVeh",71],["DisconnectedRoutes",282],["ConnectedRoutes",0],["SingleVehicle",6572629],["MinVehApproxInf",16380],["RoutePrechecked",0],["RoutePrecheckedNot",0],["CustCombiInfeasible",0],["CustCombiInfNot",0],["HeuristicFeas",0],["HeuristicInf",0],["UsableVolumeFeas",0],["UsableVolumeInf",0],["CPCheck",0],["ExactLimitFeas",0],["ExactLimitInf",0],["ExactLimitUnk",0],["TwoPath",0],["TwoPathNot",0],["RegTournamentPath",0],["RegTournamentPathNot",0],["TailTournamentPath",0],["ExactFeas",6254453],["ExactInf",316248],["ExactInvalid",0],["RevSeq",0],["RevHeurFeas",0],["RevExactFeas",0],["RevInf",0],["InfTailPath",286],["CheckFracSols",20],["SPHeur",36087]],"LazyConstraintCounter":[["SEC",482],["InfeasibleTailPath",8]],"LowerBoundProgress":[[0.009999990463256836,[0.0,349.08890641774656]],[0.012000083923339844,[0.0,361.4886389709934]],[0.013000011444091797,[0.0,363.62119865429975]],[0.014000177383422852,[0.0,371.7654549054349]],[0.06600022315979004,[0.0,371.7654549054349]],[0.10800004005432129,[0.0,371.7654549054349]],[0.1100001335144043,[0.0,371.9022519825978]],[0.11100006103515625,[0.0,373.8096782262845]],[0.1120002269744873,[0.0,375.44679267322624]],[0.11300015449523926,[0.0,376.29860283958055]],[0.11600017547607422,[0.0,376.29860283958055]],[0.125,[0.0,376.29860283958055]],[0.12600016593933105,[0.0,377.5088212851045]],[0.12800002098083496,[0.0,377.5088212851045]],[0.23200011253356934,[0.0,377.5088212851045]],[0.24100017547607422,[0.0,377.5088212851045]],[0.24400019645690918,[0.0,377.5088212851045]],[0.24500012397766113,[0.0,377.5088212851045]],[0.25,[0.0,377.5088212851045]],[0.252000093460083,[0.0,377.5088212851045]],[0.2560000419616699,[0.0,377.5088212851045]],[0.257000207901001,[0.0,377.5088212851045]],[0.2610001564025879,[0.0,377.5088212851045]],[0.26800012588500977,[0.0,378.39302326851976]],[0.4200000762939453,[1.0,378.39302326851976]],[0.4350001811981201,[7.0,379.07640998269636]],[0.43900012969970703,[14.0,383.5522530897798]],[0.507000207901001,[19.0,383.65122146680693]],[0.5150001049041748,[22.0,385.87495759322354]],[0.632000207901001,[33.0,385.87495759322354]],[0.6330001354217529,[44.0,386.7837948354743]],[0.7290000915527344,[48.0,386.7837948354743]],[0.8230001926422119,[73.0,386.7837948354743]],[0.8700001239776611,[80.0,386.7837948354743]],[0.9950001239776611,[89.0,386.7837948354743]],[1.0260000228881836,[113.0,386.7837948354743]],[1.1200001239776611,[131.0,386.7837948354743]],[1.136000156402588,[142.0,386.9818753949338]],[1.2050001621246338,[144.0,386.9818753949338]],[1.2140002250671387,[148.0,386.9818753949338]],[1.2770001888275146,[153.0,386.9818753949338]],[1.3240001201629639,[163.0,386.9818753949338]],[1.4510002136230469,[194.0,387.1435248320965]],[1.4670000076293945,[204.0,387.1435248320965]],[1.4950001239776611,[219.0,387.1435248320965]],[1.499000072479248,[219.0,387.1435248320965]],[1.6040000915527344,[235.0,387.40932348515037]],[1.621000051498413,[244.0,387.40932348515037]],[1.6720001697540283,[246.0,387.40932348515037]],[1.9840002059936523,[288.0,387.40932348515037]],[2.0430002212524414,[292.0,387.40932348515037]],[2.0440001487731934,[295.0,387.40932348515037]],[2.2039999961853027,[299.0,387.40932348515037]],[2.246000051498413,[300.0,387.40932348515037]],[2.261000156402588,[326.0,387.40932348515037]],[2.3440001010894775,[391.0,388.56046730863216]],[2.4170000553131104,[395.0,388.56046730863216]],[2.499000072479248,[396.0,388.56046730863216]],[2.507000207901001,[398.0,388.56046730863216]],[2.6510000228881836,[399.0,388.56046730863216]],[2.683000087738037,[407.0,388.56046730863216]],[2.7140002250671387,[414.0,388.56046730863216]],[2.7300000190734863,[414.0,388.56046730863216]],[2.8390002250671387,[449.0,388.56046730863216]],[2.8630001544952393,[454.0,388.56046730863216]],[2.870000123977661,[478.0,388.56046730863216]],[2.871000051498413,[491.0,389.3729488636447]],[2.934000015258789,[564.0,389.3729488636447]],[2.9730000495910645,[567.0,389.3729488636447]],[3.0440001487731934,[573.0,389.3729488636447]],[3.124000072479248,[574.0,389.3729488636447]],[3.1720001697540283,[602.0,389.3729488636447]],[3.183000087738037,[694.0,390.09210447151634]],[3.2350001335144043,[695.0,390.09210447151634]],[3.2850000858306885,[703.0,390.09210447151634]],[3.2860000133514404,[706.0,390.09210447151634]],[3.3340001106262207,[722.0,390.09210447151634]],[3.3550000190734863,[732.0,390.09210447151634]],[3.448000192642212,[745.0,390.09210447151634]],[3.495000123977661,[749.0,390.09210447151634]],[3.574000120162964,[757.0,390.09210447151634]],[3.636000156402588,[817.0,390.09210447151634]],[3.6520001888275146,[838.0,390.09210447151634]],[3.745000123977661,[883.0,390.09210447151634]],[3.870000123977661,[948.0,390.09210447151634]],[3.9250001907348633,[975.0,390.09210447151634]],[4.026000022888184,[994.0,390.09210447151634]],[4.04200005531311,[1006.0,390.09210447151634]],[4.058000087738037,[1214.0,394.4237391717575]],[4.168000221252441,[1220.0,394.4237391717575]],[4.200000047683716,[1222.0,394.4237391717575]],[4.263000011444092,[1237.0,394.4237391717575]],[4.2790000438690186,[1241.0,394.4237391717575]],[4.3460001945495605,[1272.0,394.4237391717575]],[4.384000062942505,[1277.0,396.86730331278187]],[4.384999990463257,[1439.0,402.6490077157721]],[4.402000188827515,[1450.0,402.6490077157721]],[4.433000087738037,[1491.0,402.67832170219634]],[4.544000148773193,[1529.0,402.67832170219634]],[4.56000018119812,[1707.0,403.3692531867077]],[4.623000144958496,[1789.0,403.38135013346437]],[4.639000177383423,[1796.0,403.38135013346437]],[4.65500020980835,[1801.0,403.38135013346437]],[4.718000173568726,[1934.0,403.97599788430296]],[4.734000205993652,[1963.0,403.97599788430296]],[4.75,[1999.0,404.1559834413308]],[4.813000202178955,[2041.0,405.21421637746835]],[4.986000061035156,[2197.0,405.9781013288309]],[5.0340001583099365,[2210.0,406.1619668936827]],[5.058000087738037,[2235.0,406.1619668936827]],[5.1600000858306885,[2305.0,406.1619668936827]],[5.1620001792907715,[2306.0,406.1619668936827]],[5.163000106811523,[2339.0,406.1619668936827]],[5.2230000495910645,[2518.0,407.37191306173133]],[5.253000020980835,[2520.0,407.37191306173133]],[5.258000135421753,[2520.0,407.37191306173133]],[5.26200008392334,[2521.0,407.37191306173133]],[5.308000087738037,[2521.0,407.37191306173133]],[5.324000120162964,[2522.0,407.37191306173133]],[5.340000152587891,[2525.0,407.37191306173133]],[5.355000019073486,[2537.0,407.37191306173133]],[5.371000051498413,[2545.0,407.37191306173133]],[5.38700008392334,[2573.0,407.37191306173133]],[5.498000144958496,[2595.0,407.37191306173133]],[5.513000011444092,[2597.0,407.37191306173133]],[5.5290000438690186,[2633.0,407.37191306173133]],[5.56000018119812,[2647.0,407.37191306173133]],[5.576000213623047,[2721.0,407.37191306173133]],[5.5920000076293945,[2761.0,407.37191306173133]],[5.686000108718872,[2858.0,407.37191306173133]],[5.702000141143799,[2873.0,407.37191306173133]],[5.749000072479248,[2935.0,