{"DeletedArcs":2,"Gap":0.0,"InfTailPath":0,"NodeCount":3182.0,"Runtime":3.6540000438690186,"SimplexIterations":24646.0,"SubtourTracker":{"CutCounter":[],"CutTimer":[],"ElementCallCounter":[["IntegerSolutions",221],["DetermineRoutes",221],["CheckRoutes",221],["IntegerRoutes",1107],["SingleCustRoutes",193],["MinNumVeh",914],["DisconnectedRoutes",2],["ConnectedRoutes",912],["SingleVehicle",612],["MinVehApproxInf",300],["RoutePrechecked",0],["RoutePrecheckedNot",0],["CustCombiInfeasible",0],["CustCombiInfNot",0],["HeuristicFeas",0],["HeuristicInf",0],["UsableVolumeFeas",0],["UsableVolumeInf",0],["CPCheck",0],["ExactLimitFeas",0],["ExactLimitInf",0],["ExactLimitUnk",0],["TwoPath",0],["TwoPathNot",0],["RegTournamentPath",0],["RegTournamentPathNot",0],["TailTournamentPath",0],["ExactFeas",607],["ExactInf",5],["ExactInvalid",0],["RevSeq",0],["RevHeurFeas",0],["RevExactFeas",0],["RevInf",0],["InfTailPath",5],["CheckFracSols",3183]],"ElementCallTime":[["IntegerSolutions",2830620],["DetermineRoutes",851],["CheckRoutes",2828319],["IntegerRoutes",0],["SingleCustRoutes",0],["MinNumVeh",8],["DisconnectedRoutes",29],["ConnectedRoutes",0],["SingleVehicle",2820950],["MinVehApproxInf",6439],["RoutePrechecked",0],["RoutePrecheckedNot",0],["CustCombiInfeasible",0],["CustCombiInfNot",0],["HeuristicFeas",0],["HeuristicInf",0],["UsableVolumeFeas",0],["UsableVolumeInf",0],["CPCheck",0],["ExactLimitFeas",0],["ExactLimitInf",0],["ExactLimitUnk",0],["TwoPath",0],["TwoPathNot",0],["RegTournamentPath",0],["RegTournamentPathNot",0],["TailTournamentPath",0],["ExactFeas",2769499],["ExactInf",50428],["ExactInvalid",0],["RevSeq",0],["RevHeurFeas",0],["RevExactFeas",0],["RevInf",0],["InfTailPath",133],["CheckFracSols",12]],"LazyConstraintCounter":[["SEC",302],["InfeasibleTailPath",5]],"LowerBoundProgress":[[0.04900002479553223,[0.0,286.26776687944675]],[0.05000019073486328,[0.0,294.1940872745144]],[0.10700011253356934,[0.0,295.17078089793995]],[0.1119999885559082,[0.0,295.17078089793995]],[0.13400006294250488,[0.0,299.2783709626527]],[0.1530001163482666,[0.0,299.6364227625453]],[0.19900012016296387,[0.0,303.187844876762]],[0.2090001106262207,[0.0,303.187844876762]],[0.21000003814697266,[0.0,304.13654259024173]],[0.25100016593933105,[0.0,304.13654259024173]],[0.252000093460083,[0.0,304.27543939878575]],[0.25800013542175293,[0.0,305.8461615375952]],[0.2590000629425049,[0.0,305.8461615375952]],[0.2610001564025879,[0.0,305.8461615375952]],[0.32000017166137695,[0.0,305.8461615375952]],[0.3560001850128174,[0.0,305.8461615375952]],[0.35900020599365234,[0.0,305.8461615375952]],[0.3600001335144043,[0.0,305.8461615375952]],[0.36300015449523926,[0.0,305.8461615375952]],[0.3640000820159912,[1.0,305.8461615375952]],[0.36500000953674316,[3.0,306.3047300908256]],[0.41300010681152344,[5.0,306.3047300908257]],[0.41500020027160645,[7.0,306.3047300908257]],[0.5080001354217529,[11.0,307.408408944963]],[0.5090000629425049,[12.0,307.408408944963]],[0.5130000114440918,[20.0,308.09700006555795]],[0.5140001773834229,[56.0,308.09700006555795]],[0.5170001983642578,[60.0,308.09700006555795]],[0.5730001926422119,[63.0,308.09700006555795]],[0.6040000915527344,[64.0,308.09700006555795]],[0.6510000228881836,[98.0,308.09700006555795]],[0.7139999866485596,[110.0,308.09700006555795]],[0.7290000915527344,[118.0,308.09700006555795]],[0.7610001564025879,[134.0,308.09700006555795]],[0.8070001602172852,[214.0,308.09700006555795]],[0.8380000591278076,[216.0,308.09700006555795]],[0.8700001239776611,[220.0,308.09700006555795]],[0.9010000228881836,[243.0,310.56378881435415]],[0.9680001735687256,[245.0,310.56378881435415]],[0.9720001220703125,[268.0,310.56378881435415]],[0.9950001239776611,[302.0,310.56378881435415]],[1.0180001258850098,[318.0,310.56378881435415]],[1.0220000743865967,[324.0,310.56378881435415]],[1.0470001697540283,[336.0,310.56378881435415]],[1.073000192642212,[388.0,310.56378881435415]],[1.1200001239776611,[441.0,310.56378881435415]],[1.1520001888275146,[442.0,310.56378881435415]],[1.183000087738037,[443.0,310.56378881435415]],[1.2790000438690186,[494.0,310.56378881435415]],[1.3340001106262207,[541.0,310.56378881435415]],[1.3610000610351562,[560.0,310.56378881435415]],[1.3660001754760742,[572.0,310.56378881435415]],[1.3670001029968262,[579.0,310.56378881435415]],[1.440000057220459,[592.0,310.56378881435415]],[1.446000099182129,[692.0,312.0127701387012]],[1.498000144958496,[704.0,312.0127701387012]],[1.5190000534057617,[712.0,312.0127701387012]],[1.5520000457763672,[746.0,312.0127701387012]],[1.559000015258789,[836.0,312.20118895144367]],[1.621000051498413,[841.0,312.20118895144367]],[1.6370000839233398,[843.0,312.20118895144367]],[1.6740000247955322,[858.0,312.20118895144367]],[1.6750001907348633,[886.0,312.20118895144367]],[1.686000108718872,[953.0,314.7755818898707]],[1.7120001316070557,[965.0,314.7755818898707]],[1.7200000286102295,[1004.0,314.7755818898707]],[1.7390000820159912,[1018.0,314.7755818898707]],[1.7400000095367432,[1073.0,314.7755818898707]],[1.746000051498413,[1099.0,314.7755818898707]],[1.7929999828338623,[1106.0,314.7755818898707]],[1.8400001525878906,[1131.0,314.7755818898707]],[1.8870000839233398,[1186.0,314.93969548051615]],[1.9040000438690186,[1193.0,314.93969548051615]],[1.9510002136230469,[1233.0,314.93969548051615]],[1.999000072479248,[1243.0,314.93969548051615]],[2.0320000648498535,[1299.0,314.93969548051615]],[2.061000108718872,[1303.0,314.93969548051615]],[2.115000009536743,[1307.0,316.1497983557517]],[2.116000175476074,[1308.0,316.1497983557517]],[2.142000198364258,[1331.0,316.1497983557517]],[2.188000202178955,[1334.0,316.1497983557517]],[2.3389999866485596,[1400.0,316.1497983557517]],[2.3560001850128174,[1460.0,316.1497983557517]],[2.364000082015991,[1484.0,316.1497983557517]],[2.365000009536743,[1484.0,316.1497983557517]],[2.4179999828338623,[1598.0,316.69064416564305]],[2.450000047683716,[1616.0,316.69064416564305]],[2.5230000019073486,[1634.0,316.69064416564305]],[2.5960001945495605,[1646.0,316.7292670270355]],[2.5970001220703125,[1706.0,316.8247369328315]],[2.640000104904175,[1744.0,316.92093052208014]],[2.6510000228881836,[1756.0,316.92093052208014]],[2.6730000972747803,[1762.0,316.92093052208014]],[2.7200000286102295,[1774.0,316.92093052208014]],[2.8010001182556152,[1968.0,316.92093052208014]],[2.813000202178955,[1973.0,316.92093052208014]],[2.8470001220703125,[2049.0,317.6085096701142]],[2.9280002117156982,[2050.0,317.6085096701142]],[2.9630000591278076,[2109.0,317.6085096701142]],[2.9760000705718994,[2110.0,317.6085096701142]],[2.995000123977661,[2111.0,317.6085096701142]],[3.007000207901001,[2111.0,317.6085096701142]],[3.0260000228881836,[2112.0,317.6085096701142]],[3.057000160217285,[2112.0,318.88067618577753]],[3.071000099182129,[2114.0,318.88067618577753]],[3.1060001850128174,[2114.0,320.16210496113206]],[3.1080000400543213,[2114.0,320.16210496113206]],[3.127000093460083,[2115.0,320.16210496113206]],[3.1520001888275146,[2115.0,320.53825692029096]],[3.1660001277923584,[2115.0,320.538256920291]],[3.182000160217285,[2117.0,320.538256920291]],[3.2130000591278076,[2117.0,320.7198919453236]],[3.2699999809265137,[2118.0,320.7198919453236]],[3.2880001068115234,[2118.0,320.7952423308217]],[3.2890000343322754,[2119.0,320.7952423308217]],[3.2900002002716064,[2119.0,320.88281930524045]],[3.2910001277923584,[2120.0,320.88281930524045]],[3.2920000553131104,[2120.0,320.90366257179153]],[3.318000078201294,[2121.0,320.90366257179153]],[3.3370001316070557,[2121.0,321.10127091429837]],[3.3420000076293945,[2122.0,321.1260716459723]],[3.3590002059936523,[2122.0,321.1260716459723]],[3.3630001544952393,[2123.0,321.1260716459723]],[3.367000102996826,[2123.0,321.1260716459723]],[3.384999990463257,[2124.0,321.1260716459723]],[3.4030001163482666,[2124.0,321.1260716459723]],[3.4100000858306885,[2125.0,321.1260716459723]],[3.4190001487731934,[2127.0,321.1260716459724]],[3.427000045776367,[2131.0,321.2441164950691]],[3.4280002117156982,[2138.0,321.37911506880465]],[3.433000087738037,[2139.0,