{"DeletedArcs":2,"Gap":0.0,"InfTailPath":0,"NodeCount":3927.0,"Runtime":1.9019999504089355,"SimplexIterations":30444.0,"SubtourTracker":{"CutCounter":[],"CutTimer":[],"ElementCallCounter":[["IntegerSolutions",157],["DetermineRoutes",157],["CheckRoutes",157],["IntegerRoutes",786],["SingleCustRoutes",153],["MinNumVeh",633],["DisconnectedRoutes",1],["ConnectedRoutes",632],["SingleVehicle",419],["MinVehApproxInf",213],["RoutePrechecked",0],["RoutePrecheckedNot",0],["CustCombiInfeasible",0],["CustCombiInfNot",0],["HeuristicFeas",0],["HeuristicInf",0],["UsableVolumeFeas",0],["UsableVolumeInf",0],["CPCheck",0],["ExactLimitFeas",0],["ExactLimitInf",0],["ExactLimitUnk",0],["TwoPath",0],["TwoPathNot",0],["RegTournamentPath",0],["RegTournamentPathNot",0],["TailTournamentPath",0],["ExactFeas",417],["ExactInf",2],["ExactInvalid",0],["RevSeq",0],["RevHeurFeas",0],["RevExactFeas",0],["RevInf",0],["InfTailPath",2],["CheckFracSols",3933],["SPHeur",3]],"ElementCallTime":[["IntegerSolutions",1487262],["DetermineRoutes",717],["CheckRoutes",1485441],["IntegerRoutes",0],["SingleCustRoutes",0],["MinNumVeh",11],["DisconnectedRoutes",17],["ConnectedRoutes",0],["SingleVehicle",1478844],["MinVehApproxInf",5875],["RoutePrechecked",0],["RoutePrecheckedNot",0],["CustCombiInfeasible",0],["CustCombiInfNot",0],["HeuristicFeas",0],["HeuristicInf",0],["UsableVolumeFeas",0],["UsableVolumeInf",0],["CPCheck",0],["ExactLimitFeas",0],["ExactLimitInf",0],["ExactLimitUnk",0],["TwoPath",0],["TwoPathNot",0],["RegTournamentPath",0],["RegTournamentPathNot",0],["TailTournamentPath",0],["ExactFeas",1439176],["ExactInf",38871],["ExactInvalid",0],["RevSeq",0],["RevHeurFeas",0],["RevExactFeas",0],["RevInf",0],["InfTailPath",61],["CheckFracSols",0],["SPHeur",15757]],"LazyConstraintCounter":[["SEC",214],["InfeasibleTailPath",2]],"LowerBoundProgress":[[0.006000041961669922,[0.0,286.26776687944675]],[0.006999969482421875,[0.0,294.1940872745144]],[0.04999995231628418,[0.0,295.17078089793995]],[0.05099987983703613,[0.0,295.17078089793995]],[0.0559999942779541,[0.0,295.17078089793995]],[0.056999921798706055,[0.0,298.38235087394764]],[0.0709998607635498,[0.0,299.2783709626527]],[0.07200002670288086,[0.0,299.6364227625453]],[0.0989999771118164,[0.0,303.187844876762]],[0.09999990463256836,[0.0,303.187844876762]],[0.10099983215332031,[0.0,303.187844876762]],[0.10399985313415527,[0.0,303.187844876762]],[0.10500001907348633,[0.0,304.3359672350604]],[0.1099998950958252,[0.0,304.3359672350604]],[0.11100006103515625,[0.0,306.3047300908256]],[0.13400006294250488,[0.0,308.553925343959]],[0.13499999046325684,[0.0,308.553925343959]],[0.16499996185302734,[0.0,308.553925343959]],[0.1699998378753662,[0.0,308.553925343959]],[0.17100000381469727,[0.0,308.62867061745067]],[0.17199993133544922,[0.0,308.62867061745067]],[0.17299985885620117,[0.0,308.62867061745067]],[0.17400002479553223,[0.0,308.62867061745067]],[0.17599987983703613,[0.0,308.62867061745067]],[0.1770000457763672,[0.0,308.62867061745067]],[0.1809999942779541,[0.0,308.6409267864256]],[0.18199992179870605,[0.0,308.6409267864256]],[0.182999849319458,[0.0,308.6409267864256]],[0.18400001525878906,[0.0,308.6409267864256]],[0.18499994277954102,[0.0,308.6409267864256]],[0.18599987030029297,[0.0,308.6409267864256]],[0.19000005722045898,[0.0,308.8044728374497]],[0.23600006103515625,[1.0,308.8044728374497]],[0.23799991607666016,[3.0,308.8044728374497]],[0.24000000953674316,[7.0,308.81708943019294]],[0.24099993705749512,[9.0,308.81708943019294]],[0.30499982833862305,[11.0,308.9425891987394]],[0.30699992179870605,[15.0,309.201158131161]],[0.3209998607635498,[19.0,309.201158131161]],[0.32200002670288086,[20.0,309.201158131161]],[0.3269999027252197,[23.0,309.201158131161]],[0.3789999485015869,[28.0,309.201158131161]],[0.37999987602233887,[47.0,309.201158131161]],[0.3840000629425049,[63.0,309.201158131161]],[0.42799997329711914,[66.0,309.201158131161]],[0.46199989318847656,[79.0,309.201158131161]],[0.48600006103515625,[83.0,309.201158131161]],[0.5049998760223389,[88.0,309.201158131161]],[0.5119998455047607,[103.0,309.201158131161]],[0.5690000057220459,[137.0,309.201158131161]],[0.6159999370574951,[142.0,309.201158131161]],[0.6940000057220459,[206.0,309.201158131161]],[0.7409999370574951,[216.0,309.201158131161]],[0.8090000152587891,[234.0,310.2429347428813]],[0.809999942779541,[238.0,310.2429347428813]],[0.8459999561309814,[269.0,310.2429347428813]],[0.8519999980926514,[271.0,310.2429347428813]],[0.8949999809265137,[277.0,310.2429347428813]],[0.9830000400543213,[284.0,310.2429347428813]],[0.9839999675750732,[300.0,310.2429347428813]],[1.0169999599456787,[307.0,310.2429347428813]],[1.0679998397827148,[313.0,310.2429347428813]],[1.0880000591278076,[399.0,311.5219179351257]],[1.1119999885559082,[410.0,312.18339879869865]],[1.1399998664855957,[459.0,312.18339879869865]],[1.1449999809265137,[479.0,312.18339879869865]],[1.1459999084472656,[483.0,312.18339879869865]],[1.1469998359680176,[488.0,312.18339879869865]],[1.1619999408721924,[508.0,312.53212160492313]],[1.2409999370574951,[540.0,312.5844801158838]],[1.2719998359680176,[542.0,312.5844801158838]],[1.3029999732971191,[546.0,312.5844801158838]],[1.3499999046325684,[553.0,312.5844801158838]],[1.3969998359680176,[655.0,312.5844801158838]],[1.4279999732971191,[666.0,312.5844801158838]],[1.5219998359680176,[674.0,312.5844801158838]],[1.5499999523162842,[695.0,312.5844801158838]],[1.5509998798370361,[714.0,312.5844801158838]],[1.562999963760376,[839.0,316.5442011748177]],[1.5920000076293945,[849.0,316.5442011748177]],[1.5929999351501465,[950.0,317.44663348099493]],[1.6050000190734863,[1007.0,317.91103537381696]],[1.6059999465942383,[1105.0,318.2807956278374]],[1.619999885559082,[1215.0,320.0864417007305]],[1.621000051498413,[1299.0,320.8081839506482]],[1.6380000114440918,[1463.0,321.75683366449147]],[1.7139999866485596,[1603.0,322.12515599897034]],[1.7149999141693115,[1732.0,322.44060572027803]],[1.7330000400543213,[1759.0,322.44060572027803]],[1.7339999675750732,[1993.0,322.9973841091332]],[1.7569999694824219,[2111.0,324.52083562728905]],[1.7579998970031738,[2195.0,324.522364124221]],[1.7590000629425049,[2398.0,324.53331289511755]],[1.7899999618530273,[2535.0,325.58248784960824]],[1.7909998893737793,[2555.0,325.79211150571416]],[1.8029999732971191,[2557.0,325.79211150571416]],[1.8339998722076416,[2711.0,325.79211150571416]],[1.869999885559082,[3186.0,328.50209082301876]],[1.871000051498413,[3262.0,328.57691429288974]],[1.871999979019165,[3460.0,328.7113453737478]],[1.8899998664855957,[3600.0,330.38395402984844]],[1.8910000324249268,[3712.0,330.58798427486283]],[1.8919999599456787,[3913.0,334.963886237614]]],"UpperBoundProgress":[[0.003000020980834961,[350.5816301544542,false]],[0.7409999370574951,[350.14528750994515,true]],[1.5219998359680176,[334.963886237614,true]]]},"Timer":{"Branch&Cut":1.9088845,"InfeasibleArcs":7.6809393,"LowerBoundVehicles":0.0035339,"StartSolution":0.0102345}}